{"xedges": [0.0, 2.1, 4.2, 6.300000000000001, 8.4, 10.5, 12.600000000000001, 14.700000000000001, 16.8, 18.900000000000002, 21.0, 23.1, 25.200000000000003, 27.3, 29.400000000000002, 31.5, 33.6, 35.7, 37.800000000000004, 39.9, 42.0, 44.1, 46.2, 48.300000000000004, 50.400000000000006, 52.5, 54.6, 56.7, 58.800000000000004, 60.900000000000006, 63.0, 65.10000000000001, 67.2, 69.3, 71.4, 73.5, 75.60000000000001, 77.7, 79.8, 81.9, 84.0, 86.10000000000001, 88.2, 90.3, 92.4, 94.5, 96.60000000000001, 98.7, 100.80000000000001, 102.9, 105.0], "yedges": [0.0, 2.0, 4.0, 6.0, 8.0, 10.0, 12.0, 14.0, 16.0, 18.0, 20.0, 22.0, 24.0, 26.0, 28.0, 30.0, 32.0, 34.0, 36.0, 38.0, 40.0, 42.0, 44.0, 46.0, 48.0, 50.0, 52.0, 54.0, 56.0, 58.0, 60.0, 62.0, 64.0, 66.0, 68.0], "values": [[0.0, 0.0, 0.0, 0.0, 0.0, 0.0, 0.0, 8.0, 12.0, 20.0, 39.0, 39.0, 24.0, 9.0, 8.0, 9.0, 9.0, 10.0, 9.0, 32.0, 22.0, 12.0, 4.0, 0.0, 0.0, 0.0, 0.0, 0.0, 0.0, 0.0, 0.0, 0.0, 0.0, 0.0, 0.0, 0.0, 0.0, 0.0, 0.0, 0.0, 0.0, 0.0, 0.0, 0.0, 0.0, 0.0, 0.0, 0.0, 0.0, 0.0], [0.0, 0.0, 0.0, 0.0, 0.0, 0.0, 12.0, 6.0, 21.0, 14.0, 0.0, 0.0, 16.0, 32.0, 5.0, 0.0, 0.0, 0.0, 0.0, 30.0, 15.0, 23.0, 24.0, 99.0, 59.0, 55.0, 39.0, 6.0, 0.0, 0.0, 0.0, 0.0, 0.0, 0.0, 1.0, 18.0, 23.0, 57.0, 0.0, 0.0, 0.0, 0.0, 0.0, 0.0, 0.0, 0.0, 0.0, 0.0, 0.0, 0.0], [0.0, 0.0, 0.0, 0.0, 0.0, 0.0, 15.0, 27.0, 3.0, 0.0, 0.0, 0.0, 0.0, 0.0, 28.0, 33.0, 11.0, 0.0, 0.0, 0.0, 0.0, 1.0, 11.0, 11.0, 11.0, 6.0, 8.0, 47.0, 41.0, 77.0, 86.0, 21.0, 13.0, 7.0, 27.0, 17.0, 52.0, 28.0, 0.0, 0.0, 0.0, 0.0, 0.0, 0.0, 0.0, 0.0, 0.0, 0.0, 0.0, 0.0], [0.0, 0.0, 0.0, 0.0, 0.0, 0.0, 15.0, 17.0, 0.0, 0.0, 0.0, 0.0, 0.0, 0.0, 0.0, 0.0, 19.0, 5.0, 0.0, 0.0, 7.0, 38.0, 18.0, 15.0, 21.0, 50.0, 103.0, 89.0, 97.0, 38.0, 13.0, 36.0, 24.0, 54.0, 14.0, 91.0, 148.0, 0.0, 0.0, 0.0, 0.0, 0.0, 0.0, 0.0, 0.0, 0.0, 0.0, 0.0, 0.0, 0.0], [0.0, 0.0, 0.0, 0.0, 0.0, 0.0, 6.0, 24.0, 0.0, 0.0, 0.0, 0.0, 0.0, 0.0, 0.0, 0.0, 0.0, 26.0, 1.0, 16.0, 14.0, 52.0, 55.0, 42.0, 41.0, 62.0, 10.0, 19.0, 17.0, 43.0, 25.0, 22.0, 23.0, 41.0, 5.0, 8.0, 40.0, 34.0, 0.0, 0.0, 0.0, 0.0, 0.0, 0.0, 0.0, 0.0, 0.0, 0.0, 0.0, 0.0], [0.0, 0.0, 0.0, 0.0, 0.0, 0.0, 0.0, 26.0, 0.0, 0.0, 0.0, 0.0, 0.0, 0.0, 0.0, 29.0, 89.0, 82.0, 37.0, 17.0, 32.0, 36.0, 36.0, 38.0, 19.0, 13.0, 66.0, 52.0, 40.0, 15.0, 53.0, 18.0, 26.0, 47.0, 50.0, 6.0, 14.0, 45.0, 12.0, 0.0, 0.0, 0.0, 0.0, 0.0, 0.0, 0.0, 0.0, 0.0, 0.0, 0.0], [0.0, 0.0, 0.0, 0.0, 0.0, 0.0, 0.0, 0.0, 0.0, 0.0, 0.0, 0.0, 0.0, 0.0, 0.0, 0.0, 0.0, 38.0, 25.0, 26.0, 40.0, 11.0, 0.0, 14.0, 30.0, 27.0, 61.0, 36.0, 43.0, 41.0, 52.0, 146.0, 5.0, 18.0, 53.0, 62.0, 41.0, 0.0, 33.0, 0.0, 10.0, 47.0, 180.0, 0.0, 0.0, 0.0, 0.0, 0.0, 0.0, 0.0], [0.0, 0.0, 0.0, 0.0, 0.0, 0.0, 0.0, 0.0, 0.0, 0.0, 0.0, 0.0, 0.0, 0.0, 0.0, 0.0, 0.0, 8.0, 12.0, 12.0, 38.0, 13.0, 12.0, 4.0, 4.0, 24.0, 76.0, 15.0, 30.0, 0.0, 21.0, 54.0, 57.0, 54.0, 10.0, 24.0, 59.0, 75.0, 53.0, 60.0, 35.0, 65.0, 17.0, 0.0, 0.0, 0.0, 0.0, 0.0, 0.0, 0.0], [0.0, 0.0, 0.0, 0.0, 0.0, 0.0, 0.0, 0.0, 0.0, 0.0, 0.0, 0.0, 0.0, 0.0, 4.0, 14.0, 12.0, 4.0, 0.0, 0.0, 69.0, 73.0, 31.0, 28.0, 20.0, 0.0, 34.0, 0.0, 1.0, 38.0, 30.0, 49.0, 0.0, 0.0, 40.0, 14.0, 7.0, 17.0, 16.0, 35.0, 20.0, 56.0, 37.0, 14.0, 18.0, 34.0, 18.0, 0.0, 0.0, 0.0], [0.0, 0.0, 0.0, 0.0, 0.0, 0.0, 0.0, 0.0, 0.0, 0.0, 0.0, 0.0, 10.0, 14.0, 9.0, 0.0, 0.0, 36.0, 40.0, 41.0, 17.0, 41.0, 24.0, 2.0, 44.0, 0.0, 17.0, 26.0, 0.0, 15.0, 55.0, 25.0, 0.0, 0.0, 7.0, 27.0, 17.0, 15.0, 25.0, 8.0, 45.0, 63.0, 95.0, 9.0, 15.0, 30.0, 61.0, 14.0, 0.0, 0.0], [0.0, 0.0, 0.0, 0.0, 0.0, 0.0, 0.0, 0.0, 0.0, 0.0, 74.0, 51.0, 4.0, 0.0, 14.0, 41.0, 42.0, 3.0, 0.0, 0.0, 0.0, 2.0, 29.0, 18.0, 49.0, 13.0, 0.0, 2.0, 19.0, 40.0, 103.0, 2.0, 0.0, 0.0, 0.0, 43.0, 40.0, 1.0, 4.0, 24.0, 18.0, 66.0, 110.0, 6.0, 0.0, 31.0, 0.0, 24.0, 19.0, 0.0], [0.0, 0.0, 0.0, 0.0, 0.0, 0.0, 0.0, 0.0, 0.0, 0.0, 0.0, 9.0, 34.0, 33.0, 19.0, 0.0, 0.0, 0.0, 0.0, 0.0, 0.0, 0.0, 24.0, 11.0, 29.0, 7.0, 18.0, 15.0, 4.0, 0.0, 96.0, 11.0, 14.0, 15.0, 16.0, 3.0, 87.0, 34.0, 16.0, 5.0, 14.0, 26.0, 90.0, 25.0, 10.0, 39.0, 11.0, 14.0, 44.0, 0.0], [0.0, 0.0, 0.0, 0.0, 0.0, 0.0, 0.0, 0.0, 0.0, 0.0, 0.0, 0.0, 0.0, 0.0, 0.0, 0.0, 0.0, 0.0, 0.0, 0.0, 0.0, 0.0, 3.0, 30.0, 41.0, 0.0, 0.0, 6.0, 38.0, 40.0, 51.0, 181.0, 11.0, 10.0, 11.0, 11.0, 0.0, 12.0, 3.0, 17.0, 19.0, 25.0, 51.0, 44.0, 0.0, 29.0, 0.0, 0.0, 0.0, 0.0], [0.0, 0.0, 0.0, 0.0, 0.0, 0.0, 0.0, 0.0, 0.0, 0.0, 0.0, 0.0, 0.0, 0.0, 0.0, 0.0, 0.0, 0.0, 0.0, 0.0, 0.0, 0.0, 0.0, 21.0, 79.0, 14.0, 24.0, 19.0, 0.0, 20.0, 0.0, 144.0, 123.0, 0.0, 0.0, 0.0, 0.0, 10.0, 1.0, 0.0, 0.0, 11.0, 88.0, 112.0, 73.0, 9.0, 0.0, 0.0, 0.0, 0.0], [0.0, 0.0, 0.0, 0.0, 0.0, 0.0, 0.0, 0.0, 0.0, 0.0, 0.0, 0.0, 0.0, 0.0, 0.0, 0.0, 0.0, 0.0, 0.0, 0.0, 0.0, 0.0, 0.0, 0.0, 48.0, 118.0, 68.0, 44.0, 41.0, 90.0, 0.0, 53.0, 0.0, 0.0, 0.0, 0.0, 0.0, 0.0, 13.0, 0.0, 8.0, 27.0, 53.0, 44.0, 220.0, 59.0, 72.0, 87.0, 0.0, 0.0], [0.0, 0.0, 0.0, 0.0, 0.0, 0.0, 18.0, 33.0, 31.0, 12.0, 0.0, 0.0, 0.0, 0.0, 0.0, 0.0, 0.0, 0.0, 18.0, 17.0, 16.0, 20.0, 25.0, 50.0, 140.0, 20.0, 117.0, 20.0, 10.0, 72.0, 0.0, 13.0, 19.0, 43.0, 115.0, 0.0, 0.0, 33.0, 49.0, 42.0, 37.0, 11.0, 65.0, 87.0, 313.0, 216.0, 576.0, 99.0, 9.0, 36.0], [0.0, 0.0, 0.0, 105.0, 203.0, 70.0, 14.0, 0.0, 0.0, 14.0, 20.0, 5.0, 0.0, 0.0, 0.0, 0.0, 0.0, 23.0, 6.0, 0.0, 4.0, 22.0, 79.0, 91.0, 130.0, 105.0, 112.0, 40.0, 40.0, 45.0, 47.0, 9.0, 9.0, 44.0, 7.0, 7.0, 24.0, 132.0, 97.0, 25.0, 23.0, 76.0, 123.0, 163.0, 512.0, 372.0, 316.0, 197.0, 89.0, 14.0], [0.0, 0.0, 0.0, 298.0, 214.0, 317.0, 82.0, 0.0, 0.0, 0.0, 0.0, 15.0, 20.0, 1.0, 0.0, 0.0, 0.0, 3.0, 129.0, 77.0, 178.0, 47.0, 28.0, 108.0, 126.0, 61.0, 20.0, 4.0, 36.0, 174.0, 49.0, 12.0, 60.0, 22.0, 27.0, 30.0, 85.0, 113.0, 170.0, 49.0, 156.0, 156.0, 273.0, 235.0, 272.0, 761.0, 387.0, 196.0, 13.0, 0.0], [35.0, 9.0, 10.0, 120.0, 39.0, 119.0, 37.0, 28.0, 0.0, 0.0, 0.0, 0.0, 0.0, 23.0, 34.0, 12.0, 11.0, 11.0, 36.0, 173.0, 179.0, 77.0, 139.0, 175.0, 158.0, 81.0, 50.0, 23.0, 39.0, 206.0, 181.0, 113.0, 62.0, 62.0, 45.0, 39.0, 91.0, 70.0, 195.0, 178.0, 187.0, 250.0, 198.0, 368.0, 833.0, 761.0, 346.0, 100.0, 12.0, 54.0], [0.0, 12.0, 77.0, 183.0, 275.0, 122.0, 139.0, 34.0, 41.0, 34.0, 28.0, 23.0, 2.0, 0.0, 22.0, 30.0, 32.0, 5.0, 168.0, 168.0, 97.0, 64.0, 72.0, 178.0, 97.0, 80.0, 39.0, 69.0, 82.0, 21.0, 65.0, 112.0, 229.0, 58.0, 98.0, 167.0, 25.0, 11.0, 103.0, 134.0, 51.0, 216.0, 272.0, 157.0, 153.0, 416.0, 250.0, 146.0, 57.0, 8.0], [49.0, 115.0, 42.0, 53.0, 216.0, 122.0, 240.0, 105.0, 93.0, 0.0, 0.0, 3.0, 51.0, 72.0, 54.0, 19.0, 7.0, 84.0, 129.0, 105.0, 367.0, 107.0, 80.0, 146.0, 69.0, 73.0, 240.0, 255.0, 9.0, 27.0, 101.0, 34.0, 73.0, 53.0, 35.0, 87.0, 205.0, 75.0, 100.0, 83.0, 122.0, 203.0, 210.0, 123.0, 191.0, 115.0, 220.0, 177.0, 46.0, 52.0], [0.0, 2.0, 40.0, 57.0, 28.0, 42.0, 129.0, 140.0, 110.0, 82.0, 189.0, 52.0, 24.0, 29.0, 70.0, 37.0, 31.0, 67.0, 30.0, 55.0, 267.0, 286.0, 203.0, 119.0, 189.0, 238.0, 145.0, 57.0, 62.0, 88.0, 118.0, 88.0, 87.0, 125.0, 250.0, 99.0, 78.0, 119.0, 222.0, 159.0, 208.0, 244.0, 415.0, 247.0, 155.0, 84.0, 71.0, 18.0, 113.0, 14.0], [0.0, 0.0, 0.0, 13.0, 53.0, 81.0, 51.0, 169.0, 196.0, 164.0, 140.0, 39.0, 37.0, 28.0, 14.0, 72.0, 53.0, 174.0, 111.0, 65.0, 298.0, 217.0, 273.0, 212.0, 186.0, 233.0, 308.0, 125.0, 98.0, 120.0, 337.0, 151.0, 156.0, 108.0, 109.0, 175.0, 137.0, 44.0, 145.0, 246.0, 234.0, 152.0, 368.0, 229.0, 117.0, 95.0, 238.0, 90.0, 25.0, 0.0], [0.0, 0.0, 0.0, 16.0, 43.0, 25.0, 75.0, 95.0, 151.0, 208.0, 209.0, 205.0, 145.0, 67.0, 103.0, 192.0, 105.0, 118.0, 265.0, 317.0, 253.0, 130.0, 294.0, 226.0, 205.0, 333.0, 278.0, 237.0, 288.0, 259.0, 244.0, 264.0, 189.0, 140.0, 98.0, 58.0, 80.0, 77.0, 117.0, 113.0, 184.0, 132.0, 195.0, 120.0, 49.0, 66.0, 119.0, 234.0, 0.0, 0.0], [0.0, 25.0, 14.0, 114.0, 16.0, 46.0, 52.0, 101.0, 23.0, 93.0, 166.0, 134.0, 219.0, 196.0, 76.0, 41.0, 119.0, 236.0, 234.0, 173.0, 449.0, 553.0, 446.0, 432.0, 276.0, 420.0, 308.0, 284.0, 191.0, 324.0, 222.0, 131.0, 282.0, 292.0, 521.0, 69.0, 46.0, 40.0, 183.0, 139.0, 177.0, 188.0, 194.0, 87.0, 102.0, 28.0, 25.0, 40.0, 0.0, 0.0], 